Sr No.,Title,Brand,MRP,Price,Count of Ratings,Count of Reviews,Average Rating score,Product URL,Image URL
1,Acer I Series 108 cm (43 inch) 4K Ultra HD LED Android TV with Google Assistant (2022 model),Acer,34990.0,22999.0,52,48.0,4.6,/acer-i-series-108-cm-43-inch-4k-ultra-hd-led-android-tv-with-google-assistant-2022-model-/p/255843,https://media.croma.com/image/upload/v1665474074/Croma%20Assets/Entertainment/Television/Images/255843_wck8as.png
2,Croma 109 cm (43 inch) 4K Ultra HD Smart WebOS TV with Dolby Audio,Croma,50000.0,20990.0,41,39.0,4.27,/croma-109-cm-43-inch-4k-ultra-hd-smart-webos-tv-with-dolby-audio/p/265284,https://media.croma.com/image/upload/v1672735448/Croma%20Assets/Entertainment/Television/Images/265284_lfxmkp.png
3,SAMSUNG Crystal 4K Neo 108 cm (43 inch) 4K Ultra HD LED Tizen TV with Voice Assistance (2022 model),Samsung,47900.0,29990.0,3,3.0,4.67,/samsung-crystal-4k-neo-108-cm-43-inch-4k-ultra-hd-led-tizen-tv-with-voice-assistance-2022-model-/p/256071,https://media.croma.com/image/upload/v1678973281/Croma%20Assets/Entertainment/Television/Images/256071_0_gzaplj.png
4,SAMSUNG Series 7 125 cm (50 inch) 4K Ultra HD LED Tizen TV with Alexa Compatibility (2021 model),Samsung,69900.0,50990.0,34,31.0,4.5,/samsung-series-7-125-cm-50-inch-4k-ultra-hd-led-tizen-tv-with-alexa-compatibility-2021-model-/p/234369,https://media.croma.com/image/upload/v1664430978/Croma%20Assets/Entertainment/Television/Images/234369_0_is8ss2.png
5,Croma 127 cm (50 inch) 4K Ultra HD LED Smart WebOS TV (2022 model),Croma,60000.0,27990.0,29,28.0,4.48,/croma-127-cm-50-inch-4k-ultra-hd-led-smart-webos-tv-2022-model-/p/251388,https://media.croma.com/image/upload/v1664411764/Croma%20Assets/Entertainment/Television/Images/251388_0_hz5pqn.png
6,Foxsky 127 cm (50 inch) 4K Ultra HD LED Android TV with Google Assistant (2021 model),Foxsky,82990.0,24999.0,7,7.0,3.29,/foxsky-127-cm-50-inch-4k-ultra-hd-led-android-tv-with-google-assistant-2021-model-/p/258796,https://media.croma.com/image/upload/v1664429773/Croma%20Assets/Entertainment/Television/Images/258796_0_aul83w.png
7,SAMSUNG Crystal 4K 138 cm (55 inch) 4K Ultra HD LED Tizen Smart TV (2021 model),Samsung,69900.0,43990.0,2,2.0,5.0,/samsung-crystal-4k-138-cm-55-inch-4k-ultra-hd-led-tizen-smart-tv-2021-model-/p/252331,https://media.croma.com/image/upload/v1664197154/Croma%20Assets/Entertainment/Television/Images/252331_0_n2truk.png
8,SAMSUNG Crystal 4K 108 cm (43 inch) 4K Ultra HD LED Tizen TV (2021 model),Samsung,52900.0,28990.0,3,3.0,3.67,/samsung-crystal-4k-108-cm-43-inch-4k-ultra-hd-led-tizen-tv-2021-model-/p/252329,https://media.croma.com/image/upload/v1664197328/Croma%20Assets/Entertainment/Television/Images/252329_0_siswkq.png
9,Croma 140 cm (55 inch) 4K Ultra HD LED Smart WebOS TV (2022 model),Croma,75000.0,31990.0,18,16.0,4.11,/croma-140-cm-55-inch-4k-ultra-hd-led-smart-webos-tv-2022-model-/p/251389,https://media.croma.com/image/upload/v1663783174/Croma%20Assets/Entertainment/Television/Images/251389_0_ek54hr.png
10,Hisense Bezelless 126 cm (50 inch) LED 4K Ultra HD Google TV with Dolby Vision (2022 model),Hisense,54990.0,29999.0,0,0.0,N/A,/hisense-bezelless-126-cm-50-inch-led-4k-ultra-hd-google-tv-with-dolby-vision-2022-model-/p/267994,https://media.croma.com/image/upload/v1673603706/Croma%20Assets/Entertainment/Television/Images/267994_akmhgu.png
11,SONY X75K 139 cm (55 inch) 4K Ultra HD LED Google Android TV with Voice Assistance (2022 model),Sony,99900.0,62690.0,63,61.0,4.6,/sony-x75k-139-cm-55-inch-4k-ultra-hd-led-google-android-tv-with-voice-assistance-2022-model-/p/252947,https://media.croma.com/image/upload/v1664418259/Croma%20Assets/Entertainment/Television/Images/252947_0_l4bb4r.png
12,Mi 5X 108 cm (43 inch) 4K Ultra HD LED Android TV with Alexa Compatibility (2021 model),Xiaomi,49999.0,30899.0,29,24.0,4.21,/mi-5x-108-cm-43-inch-4k-ultra-hd-led-android-tv-with-alexa-compatibility-2021-model-/p/242860,https://media.croma.com/image/upload/v1664410651/Croma%20Assets/Entertainment/Television/Images/242860_0_hnin65.png
13,Kodak 7XPRO Series 108 cm (43 inch) 4K Ultra HD LED Android TV with Google Assistant (2021 model),Kodak,33999.0,19999.0,9,9.0,2.44,/kodak-7xpro-series-108-cm-43-inch-4k-ultra-hd-led-android-tv-with-google-assistant-2021-model-/p/259829,https://media.croma.com/image/upload/v1664425968/Croma%20Assets/Entertainment/Television/Images/259829_0_vuwz6s.png
14,Hisense A6H 108 cm (43 inch) 4K Ultra HD LED Google TV with Dolby Vision (2022 model),Hisense,44990.0,27990.0,0,0.0,N/A,/hisense-a6h-108-cm-43-inch-4k-ultra-hd-led-google-tv-with-dolby-vision-2022-model-/p/257093,https://media.croma.com/image/upload/v1673865310/Croma%20Assets/Entertainment/Television/Images/257093_gslwmw.png
15,Acer I Series 139 cm (55 inch) 4K Ultra HD LED Android TV with Google Assistant (2022 model),Acer,47990.0,29999.0,36,34.0,4.78,/acer-i-series-139-cm-55-inch-4k-ultra-hd-led-android-tv-with-google-assistant-2022-model-/p/255845,https://media.croma.com/image/upload/v1665474074/Croma%20Assets/Entertainment/Television/Images/255845_l4dyuj.png
16,OnePlus Y Series 138 cm (55 inch) LED 4K Ultra HD TV with Built-in Google Assistant (2022 model),OnePlus,49999.0,39999.0,3,3.0,4.33,/oneplus-y-series-138-cm-55-inch-led-4k-ultra-hd-tv-with-built-in-google-assistant-2022-model-/p/265598,https://media.croma.com/image/upload/v1670506607/Croma%20Assets/Entertainment/Television/Images/265598_0_phsqsr.png
17,Aiwa Magnifiq 127 cm (50 inch) 4K Ultra HD LED Smart Android TV with Google Voice Search (2022 model),Aiwa,69990.0,32990.0,0,0.0,N/A,/aiwa-magnifiq-127-cm-50-inch-4k-ultra-hd-led-smart-android-tv-with-google-voice-search-2022-model-/p/268767,https://media.croma.com/image/upload/v1675251244/Croma%20Assets/Entertainment/Television/Images/268767_ipgbvv.png
18,Aiwa Magnifiq 139 cm (55 inch) Ultra HD 4K LED Smart Android TV with Dolby Vision Support (2022 model),Aiwa,99990.0,35990.0,0,0.0,N/A,/aiwa-magnifiq-139-cm-55-inch-ultra-hd-4k-led-smart-android-tv-with-dolby-vision-support-2022-model-/p/268768,https://media.croma.com/image/upload/v1675251815/Croma%20Assets/Entertainment/Television/Images/268768_axreyn.png
19,AIWA 108 cm (43 inch) 4K Ultra HD LED Android TV with Crystal Vision Technology,Aiwa,59990.0,27690.0,0,0.0,N/A,/aiwa-108-cm-43-inch-4k-ultra-hd-led-android-tv-with-crystal-vision-technology/p/268766,https://media.croma.com/image/upload/v1675843654/Croma%20Assets/Entertainment/Television/Images/268766_wexdxt.png
20,Hisense Bezelless 139 cm (55 inch) LED 4K Ultra HD Google TV with Dolby Vision (2022 model),Hisense,59990.0,34999.0,0,0.0,N/A,/hisense-bezelless-139-cm-55-inch-led-4k-ultra-hd-google-tv-with-dolby-vision-2022-model-/p/267995,https://media.croma.com/image/upload/v1673604112/Croma%20Assets/Entertainment/Television/Images/267995_irdxax.png
21,Kodak Matrix 139 cm (55 inch) QLED 4K Ultra HD Google TV with DTS TruSurround Technology (2022 model),Kodak,59999.0,35999.0,0,0.0,N/A,/kodak-matrix-139-cm-55-inch-qled-4k-ultra-hd-google-tv-with-dts-trusurround-technology-2022-model-/p/267684,https://media.croma.com/image/upload/v1673191630/Croma%20Assets/Entertainment/Television/Images/267684_jthre9.png
22,Kodak Matrix 126 cm (50 inch) QLED 4K Ultra HD Google TV with DTS TruSurround Technology (2022 model),Kodak,49999.0,31999.0,0,0.0,N/A,/kodak-matrix-126-cm-50-inch-qled-4k-ultra-hd-google-tv-with-dts-trusurround-technology-2022-model-/p/267683,https://media.croma.com/image/upload/v1673191335/Croma%20Assets/Entertainment/Television/Images/267683_cvfk2r.png
23,SANSUI 140 cm (55 inch) 4K Ultra HD LED Android TV with Dolby Atmos (2021 model),Sansui,56790.0,32990.0,2,0.0,1.0,/sansui-140-cm-55-inch-4k-ultra-hd-led-android-tv-with-dolby-atmos-2021-model-/p/267415,https://media.croma.com/image/upload/v1672901529/Croma%20Assets/Entertainment/Television/Images/267415_nrlitn.png
24,SANSUI 127 cm (50 inch) 4K Ultra HD LED Android TV with Dolby Atmos,Sansui,56790.0,28499.0,0,0.0,N/A,/sansui-127-cm-50-inch-4k-ultra-hd-led-android-tv-with-dolby-atmos/p/267414,https://media.croma.com/image/upload/v1672898034/Croma%20Assets/Entertainment/Television/Images/267414_0_gyuvnb.png
25,SANSUI 109 cm (43 inch) 4K Ultra HD LED Android TV with Dolby Atmos (2022 model),Sansui,38990.0,24499.0,0,0.0,N/A,/sansui-109-cm-43-inch-4k-ultra-hd-led-android-tv-with-dolby-atmos-2022-model-/p/267413,https://media.croma.com/image/upload/v1672898098/Croma%20Assets/Entertainment/Television/Images/267413_0_cssd7v.png
26,Hisense 65A7H 165 cm (65 inch) LED 4K Ultra HD Google TV with Dolby Vision & Dolby Atmos (2022 model),Hisense,99990.0,51999.0,0,0.0,N/A,/hisense-65a7h-165-cm-65-inch-led-4k-ultra-hd-google-tv-with-dolby-vision-dolby-atmos-2022-model-/p/267239,https://media.croma.com/image/upload/v1672206633/Croma%20Assets/Entertainment/Television/Images/267239_yfwwdi.png
27,Hisense 55A7H 139 cm (55 inch) LED 4K Ultra HD Google TV with Dolby Vision & Dolby Atmos (2022 model),Hisense,69990.0,39999.0,0,0.0,N/A,/hisense-55a7h-139-cm-55-inch-led-4k-ultra-hd-google-tv-with-dolby-vision-dolby-atmos-2022-model-/p/267238,https://media.croma.com/image/upload/v1672206521/Croma%20Assets/Entertainment/Television/Images/267238_gnvhut.png
28,Hisense 50A7H 126 cm (50 inch) LED 4K Ultra HD Google TV with Dolby Vision & Dolby Atmos (2022 model),Hisense,54990.0,34990.0,0,0.0,N/A,/hisense-50a7h-126-cm-50-inch-led-4k-ultra-hd-google-tv-with-dolby-vision-dolby-atmos-2022-model-/p/267237,https://media.croma.com/image/upload/v1672206401/Croma%20Assets/Entertainment/Television/Images/267237_egucte.png
29,XElectron Series X 108 cm (43 inch) LED 4K Ultra HD Android TV with Dolby Vision & Dolby Atmos (2022 model),XElectron,34999.0,17699.0,3,3.0,5.0,/xelectron-series-x-108-cm-43-inch-led-4k-ultra-hd-android-tv-with-dolby-vision-dolby-atmos-2022-model-/p/266673,https://media.croma.com/image/upload/v1675417693/Croma%20Assets/Entertainment/Television/Images/266673_ltz2rd.png
30,TCL P Series 165.1 cm (65 inch) 4K Ultra HD LED Android 11 Google TV with Dolby Audio Digital Decoder,TCL,124990.0,49990.0,0,0.0,N/A,/tcl-p-series-165-1-cm-65-inch-4k-ultra-hd-led-android-11-google-tv-with-dolby-audio-digital-decoder/p/265854,https://media.croma.com/image/upload/v1673946245/Croma%20Assets/Entertainment/Television/Images/265854_lj5qr9.png
31,TCL 55P635 139.7 cm (55 inch) 4K Ultra HD LED Android TV with Dolby Audio (2022 model),TCL,77990.0,36990.0,0,0.0,N/A,/tcl-55p635-139-7-cm-55-inch-4k-ultra-hd-led-android-tv-with-dolby-audio-2022-model-/p/265853,https://media.croma.com/image/upload/v1669870454/Croma%20Assets/Entertainment/Television/Images/265853_ynsajo.png
32,Haier 109 cm (43 inch) LED 4K Ultra HD Android TV with Google Assistant (2022 model),Haier,51990.0,32990.0,3,3.0,4.67,/haier-109-cm-43-inch-led-4k-ultra-hd-android-tv-with-google-assistant-2022-model-/p/264074,https://media.croma.com/image/upload/v1667628478/Croma%20Assets/Entertainment/Television/Images/264074_e0oqwd.png
33,TCL P635 109.22 cm (43 inch) 4K Ultra HD Google TV with Dolby Audio (2022 model),TCL,55990.0,25990.0,0,0.0,N/A,/tcl-p635-109-22-cm-43-inch-4k-ultra-hd-google-tv-with-dolby-audio-2022-model-/p/262665,https://media.croma.com/image/upload/v1673946243/Croma%20Assets/Entertainment/Television/Images/262665_qznzb3.png
34,Acer P Series 100 cm (40 inch) Full HD LED Android TV with Dolby Audio,Acer,24990.0,16999.0,0,0.0,N/A,/acer-p-series-100-cm-40-inch-full-hd-led-android-tv-with-dolby-audio/p/262345,https://media.croma.com/image/upload/v1676887101/Croma%20Assets/Entertainment/Television/Images/262345_xaxv3m.png
35,Sony X90K 189.03 cm (75 inch) 4K Ultra HD LED Google Android TV with Voice Assistance (2022 model),Sony,379900.0,246990.0,2,2.0,4.5,/sony-x90k-189-03-cm-75-inch-4k-ultra-hd-led-google-android-tv-with-voice-assistance-2022-model-/p/260214,https://media.croma.com/image/upload/v1667229205/Croma%20Assets/Entertainment/Television/Images/260214_0_a3dqqk.png
36,SONY X85K Series 138.8 cm (55 inch) 4K Ultra HD LED Google Android TV with Voice Assistance (2022 model),Sony,149900.0,85490.0,2,2.0,4.5,/sony-x85k-series-138-8-cm-55-inch-4k-ultra-hd-led-google-android-tv-with-voice-assistance-2022-model-/p/259949,https://media.croma.com/image/upload/v1667229945/Croma%20Assets/Entertainment/Television/Images/259949_0_c2djuv.png
37,SONY X85K Series 214.8 cm (85 inch) 4K Ultra HD LED Google Android TV with Voice Assistance (2022 model),Sony,599900.0,351490.0,0,0.0,N/A,/sony-x85k-series-214-8-cm-85-inch-4k-ultra-hd-led-google-android-tv-with-voice-assistance-2022-model-/p/259309,https://media.croma.com/image/upload/v1667229886/Croma%20Assets/Entertainment/Television/Images/259309_0_wicomy.png
38,LG UQ75 108 cm (43 inch) 4K Ultra HD LED WebOS TV with Voice Assistance (2022 model),LG,47990.0,39990.0,5,5.0,4.4,/lg-uq75-108-cm-43-inch-4k-ultra-hd-led-webos-tv-with-voice-assistance-2022-model-/p/257221,https://media.croma.com/image/upload/v1667229331/Croma%20Assets/Entertainment/Television/Images/257221_0_mp80iu.png
39,LG QNED81 164 cm (65 inch) 4K Ultra HD QNED WebOS TV with LG Voice Search (2022 model),LG,169990.0,129990.0,0,0.0,N/A,/lg-qned81-164-cm-65-inch-4k-ultra-hd-qned-webos-tv-with-lg-voice-search-2022-model-/p/258887,https://media.croma.com/image/upload/v1674566471/Croma%20Assets/Entertainment/Television/User%20Manual/258887_User%20Manual.ai
40,LG QNED81 139 cm (55 inch) 4K Ultra HD QNED WebOS TV with LG Voice Search (2022 model),LG,119990.0,80990.0,10,10.0,3.9,/lg-qned81-139-cm-55-inch-4k-ultra-hd-qned-webos-tv-with-lg-voice-search-2022-model-/p/258884,https://media.croma.com/image/upload/v1667229894/Croma%20Assets/Entertainment/Television/Images/258884_0_rt2xtn.png
41,LG UQ75 139 cm (55 inch) 4K Ultra HD LED WebOS TV with Voice Assistance (2022 model),LG,71990.0,57490.0,3,3.0,5.0,/lg-uq75-139-cm-55-inch-4k-ultra-hd-led-webos-tv-with-voice-assistance-2022-model-/p/257092,https://media.croma.com/image/upload/v1664409908/Croma%20Assets/Entertainment/Television/Images/257092_0_epiu0b.png
42,LG UQ75 165.1 cm (65 inch) 4K Ultra HD LED WebOS TV with Voice Assistance (2022 model),LG,104990.0,89990.0,0,0.0,N/A,/lg-uq75-165-1-cm-65-inch-4k-ultra-hd-led-webos-tv-with-voice-assistance-2022-model-/p/258889,https://media.croma.com/image/upload/v1664414658/Croma%20Assets/Entertainment/Television/Images/258889_0_mizmjx.png
43,LG UQ80 139 cm (55 inch) 4K Ultra HD LED WebOS TV with Voice Assistance (2022 model),LG,84990.0,48990.0,3,3.0,5.0,/lg-uq80-139-cm-55-inch-4k-ultra-hd-led-webos-tv-with-voice-assistance-2022-model-/p/259359,https://media.croma.com/image/upload/v1677652375/Croma%20Assets/Entertainment/Television/Images/259359_0_stcrro.png
44,LG NANO75 217 cm (86 inch) 4K Ultra HD Nano Cell WebOS TV with Voice Assistance (2022 model),LG,554990.0,469990.0,1,1.0,4.0,/lg-nano75-217-cm-86-inch-4k-ultra-hd-nano-cell-webos-tv-with-voice-assistance-2022-model-/p/258429,https://media.croma.com/image/upload/v1664417002/Croma%20Assets/Entertainment/Television/Images/258429_0_xslyqs.png
45,LG NANO75 164 cm (65 inch) 4K Ultra HD Nano Cell WebOS TV with Voice Assistance (2022 model),LG,134990.0,99990.0,6,6.0,4.5,/lg-nano75-164-cm-65-inch-4k-ultra-hd-nano-cell-webos-tv-with-voice-assistance-2022-model-/p/258431,https://media.croma.com/image/upload/v1667229296/Croma%20Assets/Entertainment/Television/Images/258431_0_dtbiuq.png
46,LG NANO75 139 cm (55 inch) 4K Ultra HD Nano Cell WebOS TV with Voice Assistance,LG,94990.0,78990.0,55,53.0,4.56,/lg-nano75-139-cm-55-inch-4k-ultra-hd-nano-cell-webos-tv-with-voice-assistance/p/258430,https://media.croma.com/image/upload/v1664416808/Croma%20Assets/Entertainment/Television/Images/258430_0_za9ffb.png
47,LG G2 164 cm (65 inch) 4K Ultra HD OLED WebOS TV with Voice Assistance (2022 model),LG,399990.0,292990.0,1,1.0,5.0,/lg-g2-164-cm-65-inch-4k-ultra-hd-oled-webos-tv-with-voice-assistance-2022-model-/p/258426,https://media.croma.com/image/upload/v1664417066/Croma%20Assets/Entertainment/Television/Images/258426_0_fn3jrt.png
48,LG G2 139 cm (55 inch) 4K Ultra HD OLED WebOS TV with Voice Assistance (2022 model),LG,254990.0,156990.0,10,10.0,4.3,/lg-g2-139-cm-55-inch-4k-ultra-hd-oled-webos-tv-with-voice-assistance-2022-model-/p/258424,https://media.croma.com/image/upload/v1664417174/Croma%20Assets/Entertainment/Television/Images/258424_0_putdlt.png
49,LG B2 139 cm (55 inch) 4K Ultra HD OLED WebOS TV with Voice Assistance (2022 model),LG,159990.0,134990.0,0,0.0,N/A,/lg-b2-139-cm-55-inch-4k-ultra-hd-oled-webos-tv-with-voice-assistance-2022-model-/p/258423,https://media.croma.com/image/upload/v1664417229/Croma%20Assets/Entertainment/Television/Images/258423_0_mnu9bz.png
50,LG NANO75 108 cm (43 inch) 4K Ultra HD Nano Cell WebOS TV with Voice Assistance (2022 model),LG,61990.0,52990.0,5,4.0,4.8,/lg-nano75-108-cm-43-inch-4k-ultra-hd-nano-cell-webos-tv-with-voice-assistance-2022-model-/p/257220,https://media.croma.com/image/upload/v1664429874/Croma%20Assets/Entertainment/Television/Images/257220_0_ver066.png
51,LG UQ80 189 cm (74 inch) 4K Ultra HD LED WebOS TV with Voice Assistance (2022 model),LG,224990.0,157990.0,7,7.0,4.71,/lg-uq80-189-cm-74-inch-4k-ultra-hd-led-webos-tv-with-voice-assistance-2022-model-/p/257198,https://media.croma.com/image/upload/v1664420959/Croma%20Assets/Entertainment/Television/Images/257198_0_zql5mz.png
52,LG UQ80 177 cm (70 inch) 4K Ultra HD LED WebOS TV with Voice Assistance (2022 model),LG,164990.0,105990.0,3,3.0,4.67,/lg-uq80-177-cm-70-inch-4k-ultra-hd-led-webos-tv-with-voice-assistance-2022-model-/p/257197,https://media.croma.com/image/upload/v1674566469/Croma%20Assets/Entertainment/Television/User%20Manual/257197_User%20Manual.ai
53,LG UQ80 126 cm (50 inch) 4K Ultra HD LED WebOS TV with Voice Assistance (2022 model),LG,72990.0,50490.0,16,15.0,4.12,/lg-uq80-126-cm-50-inch-4k-ultra-hd-led-webos-tv-with-voice-assistance-2022-model-/p/257196,https://media.croma.com/image/upload/v1674566471/Croma%20Assets/Entertainment/Television/User%20Manual/257196_User%20Manual.ai
54,LG UQ80 164 cm (65 inch) 4K Ultra HD LED WebOS TV with Voice Assistance (2022 model),LG,124990.0,84990.0,19,19.0,4.53,/lg-uq80-164-cm-65-inch-4k-ultra-hd-led-webos-tv-with-voice-assistance-2022-model-/p/257195,https://media.croma.com/image/upload/v1674566473/Croma%20Assets/Entertainment/Television/User%20Manual/257195_User%20Manual.ai
55,SONY X80K Series 189 cm (75 inch) 4K Ultra HD LED Google Android TV with Voice Assistance (2022 model),Sony,269900.0,151990.0,6,6.0,4.83,/sony-x80k-series-189-cm-75-inch-4k-ultra-hd-led-google-android-tv-with-voice-assistance-2022-model-/p/256873,https://media.croma.com/image/upload/v1664412604/Croma%20Assets/Entertainment/Television/Images/256873_0_xyij5o.png
56,SONY X80K Series 163.9 cm (65 inch) 4K Ultra HD LED Google Android TV with Voice Assistance (2022 model),Sony,164900.0,96890.0,18,17.0,4.56,/sony-x80k-series-163-9-cm-65-inch-4k-ultra-hd-led-google-android-tv-with-voice-assistance-2022-model-/p/257131,https://media.croma.com/image/upload/v1664416542/Croma%20Assets/Entertainment/Television/Images/257131_0_ql9jes.png
57,SONY Bravia 108 cm (43 inch) 4K Ultra HD LED Google Android TV with Voice Assistance (2022 model),Sony,99900.0,66490.0,12,12.0,4.33,/sony-bravia-108-cm-43-inch-4k-ultra-hd-led-google-android-tv-with-voice-assistance-2022-model-/p/253065,https://media.croma.com/image/upload/v1664428168/Croma%20Assets/Entertainment/Television/Images/253065_0_scqgqa.png
58,SONY Bravia X80K 125.7 cm (50 inch) 4K Ultra HD LED Google Android TV with Voice Assistance (2022 model),Sony,114900.0,74090.0,3,3.0,5.0,/sony-bravia-x80k-125-7-cm-50-inch-4k-ultra-hd-led-google-android-tv-with-voice-assistance-2022-model-/p/256346,https://media.croma.com/image/upload/v1664427590/Croma%20Assets/Entertainment/Television/Images/256346_0_q0uval.png
59,SONY Bravia XR 163.9 cm (65 inch) 4K Ultra HD LED Google Android TV with Voice Assistance (2022 model),Sony,229900.0,142490.0,6,6.0,4.83,/sony-bravia-xr-163-9-cm-65-inch-4k-ultra-hd-led-google-android-tv-with-voice-assistance-2022-model-/p/256348,https://media.croma.com/image/upload/v1664427470/Croma%20Assets/Entertainment/Television/Images/256348_0_vmrvot.png
60,Sony X90K 138.8 cm (55 inch) 4K Ultra HD LED Google Android TV with Voice Assistance (2022 model),Sony,169900.0,104490.0,10,10.0,4.5,/sony-x90k-138-8-cm-55-inch-4k-ultra-hd-led-google-android-tv-with-voice-assistance-2022-model-/p/256347,https://media.croma.com/image/upload/v1664427669/Croma%20Assets/Entertainment/Television/Images/256347_0_q4yl9d.png
61,Acer I Series 126 cm (50 inch) 4K Ultra HD LED Android TV with Google Assistant (2022 model),Acer,40990.0,26999.0,34,33.0,4.5,/acer-i-series-126-cm-50-inch-4k-ultra-hd-led-android-tv-with-google-assistant-2022-model-/p/255844,https://media.croma.com/image/upload/v1665474073/Croma%20Assets/Entertainment/Television/Images/255844_pjcf8k.png
62,LG UQ80 139 cm (55 inch) 4K Ultra HD LED WebOS TV with Voice Assistance (2022 model),LG,84990.0,59990.0,84,81.0,4.69,/lg-uq80-139-cm-55-inch-4k-ultra-hd-led-webos-tv-with-voice-assistance-2022-model-/p/256092,https://media.croma.com/image/upload/v1674566472/Croma%20Assets/Entertainment/Television/User%20Manual/256092_User%20Manual.ai
63,LG UQ80 108 cm (43 inch) 4K Ultra HD LED WebOS TV with Voice Assistance (2022 model),LG,59990.0,40990.0,75,69.0,4.52,/lg-uq80-108-cm-43-inch-4k-ultra-hd-led-webos-tv-with-voice-assistance-2022-model-/p/256198,https://media.croma.com/image/upload/v1664431209/Croma%20Assets/Entertainment/Television/Images/256198_0_sftywr.png
64,TCL S Series 101 cm (40 inch) Full HD LED Smart Android TV with Google Assistant,TCL,41490.0,18889.0,8,7.0,3.25,/tcl-s-series-101-cm-40-inch-full-hd-led-smart-android-tv-with-google-assistant/p/256196,https://media.croma.com/image/upload/v1664431284/Croma%20Assets/Entertainment/Television/Images/256196_0_xzuvng.png
65,TCL C835 190.5 cm (75 inch) 4K Ultra HD QLED Android TV with Voice Assistance (2022 model),TCL,429990.0,229990.0,0,0.0,N/A,/tcl-c835-190-5-cm-75-inch-4k-ultra-hd-qled-android-tv-with-voice-assistance-2022-model-/p/255764,https://media.croma.com/image/upload/v1666000443/Croma%20Assets/Entertainment/Television/Images/255764_cwsqyx.png
66,TCL C Series 190.5 cm (75 inch) 4K Ultra HD QLED Android TV with Voice Assistance (2022 model),TCL,299990.0,149990.0,0,0.0,N/A,/tcl-c-series-190-5-cm-75-inch-4k-ultra-hd-qled-android-tv-with-voice-assistance-2022-model-/p/255763,https://media.croma.com/image/upload/v1670500546/Croma%20Assets/Entertainment/Television/Images/255763_qwcdxh.png
67,TCL C835 138.7 cm (55 inch) 4K Ultra HD LED Android TV with Voice Assistance (2022 model),TCL,249990.0,119990.0,0,0.0,N/A,/tcl-c835-138-7-cm-55-inch-4k-ultra-hd-led-android-tv-with-voice-assistance-2022-model-/p/255758,https://media.croma.com/image/upload/v1666000444/Croma%20Assets/Entertainment/Television/Images/255758_uizap3.png
68,TCL P735 165.1 cm (65 inch) 4K Ultra HD LED Android TV with Voice Assistance (2022 model),TCL,125990.0,65990.0,0,0.0,N/A,/tcl-p735-165-1-cm-65-inch-4k-ultra-hd-led-android-tv-with-voice-assistance-2022-model-/p/255762,https://media.croma.com/image/upload/v1666000454/Croma%20Assets/Entertainment/Television/Images/255762_woyprm.png
69,TCL P735 127 cm (50 inch) 4K Ultra HD LED Android TV with Google Assistant (2022 model),TCL,75990.0,33990.0,0,0.0,N/A,/tcl-p735-127-cm-50-inch-4k-ultra-hd-led-android-tv-with-google-assistant-2022-model-/p/255756,https://media.croma.com/image/upload/v1666000454/Croma%20Assets/Entertainment/Television/Images/255756_ahqyjn.png
70,TCL C835 Series 165 cm (65 inch) 4K Ultra HD QLED Android TV with Google Assistant,TCL,309990.0,159990.0,0,0.0,N/A,/tcl-c835-series-165-cm-65-inch-4k-ultra-hd-qled-android-tv-with-google-assistant/p/255761,https://media.croma.com/image/upload/v1666000445/Croma%20Assets/Entertainment/Television/Images/255761_gq9vqb.png
71,TCL C Series 165.1 cm (65 inch) 4K Ultra HD QLED Android TV with Voice Assistance (2022 model),TCL,164990.0,75990.0,3,3.0,4.67,/tcl-c-series-165-1-cm-65-inch-4k-ultra-hd-qled-android-tv-with-voice-assistance-2022-model-/p/255760,https://media.croma.com/image/upload/v1670500549/Croma%20Assets/Entertainment/Television/Images/255760_yozfex.png
72,TCL P735 139 cm (55 inch) 4K Ultra HD LED Android TV with Voice Assistance,TCL,82990.0,40990.0,11,11.0,4.09,/tcl-p735-139-cm-55-inch-4k-ultra-hd-led-android-tv-with-voice-assistance/p/255759,https://media.croma.com/image/upload/v1666000454/Croma%20Assets/Entertainment/Television/Images/255759_gggsyc.png
73,TCL C Series 139.7 cm (55 inch) 4K Ultra HD QLED Android TV with Voice Assistance (2022 model),TCL,119990.0,44990.0,11,11.0,4.27,/tcl-c-series-139-7-cm-55-inch-4k-ultra-hd-qled-android-tv-with-voice-assistance-2022-model-/p/255757,https://media.croma.com/image/upload/v1671046002/255757_0_hqh2gl.png
74,TCL C Series 127 cm (50 inch) 4K Ultra HD QLED Android TV with Voice Assistance (2022 model),TCL,112990.0,45990.0,1,0.0,4.0,/tcl-c-series-127-cm-50-inch-4k-ultra-hd-qled-android-tv-with-voice-assistance-2022-model-/p/255755,https://media.croma.com/image/upload/v1670500556/Croma%20Assets/Entertainment/Television/Images/255755_wxjvrz.png
75,SONY X75K Series 164 cm (65 inch) 4K Ultra HD LED Google Android TV with Voice Assistance (2022 model),Sony,139900.0,77890.0,16,14.0,4.75,/sony-x75k-series-164-cm-65-inch-4k-ultra-hd-led-google-android-tv-with-voice-assistance-2022-model-/p/252946,https://media.croma.com/image/upload/v1664418255/Croma%20Assets/Entertainment/Television/Images/252946_0_vwvbfi.png
76,SONY X80K Series 139.7 cm (55 inch) 4K Ultra HD LED Google Android TV with Voice Assistance (2022 model),Sony,129900.0,78840.0,39,38.0,4.74,/sony-x80k-series-139-7-cm-55-inch-4k-ultra-hd-led-google-android-tv-with-voice-assistance-2022-model-/p/255754,https://media.croma.com/image/upload/v1664412867/Croma%20Assets/Entertainment/Television/Images/255754_0_oiynb8.png
77,SAMSUNG 7 189 cm (75 inch) 4K Ultra HD LED Tizen TV with Voice Assistance (2022 model),Samsung,224900.0,149990.0,2,2.0,5.0,/samsung-7-189-cm-75-inch-4k-ultra-hd-led-tizen-tv-with-voice-assistance-2022-model-/p/255736,https://media.croma.com/image/upload/v1667229768/Croma%20Assets/Entertainment/Television/Images/255736_0_i4jorg.png
78,Sony X75K 126 cm (50 inch) 4K Ultra HD LED Google Android TV with Voice Assistance (2022 model),Sony,85900.0,57940.0,23,22.0,4.57,/sony-x75k-126-cm-50-inch-4k-ultra-hd-led-google-android-tv-with-voice-assistance-2022-model-/p/252948,https://media.croma.com/image/upload/v1667229738/Croma%20Assets/Entertainment/Television/Images/252948_0_h7zlsy.png
79,"TCL 109cm (43 Inch) Ultra HD 4K LED Smart TV (Dolby Audio, 43P735, Black)",TCL,55990.0,26990.0,15,15.0,4.47,/tcl-109cm-43-inch-ultra-hd-4k-led-smart-tv-dolby-audio-43p735-black-/p/253097,https://media.croma.com/image/upload/v1666000454/Croma%20Assets/Entertainment/Television/Images/253097_v4ubvw.png
80,SONY Bravia X75K 108 cm (43 inch) 4K Ultra HD LED Google Android TV with Alexa Compatibility,Sony,69900.0,46540.0,73,70.0,4.58,/sony-bravia-x75k-108-cm-43-inch-4k-ultra-hd-led-google-android-tv-with-alexa-compatibility/p/252943,https://media.croma.com/image/upload/v1664418317/Croma%20Assets/Entertainment/Television/Images/252943_0_jw4enp.png
81,Hyundai 140 cm (55 inch) 4K Ultra HD LED WebOS TV with Alexa Compatibility (2022 model),HYUNDAI,99000.0,33999.0,0,0.0,N/A,/hyundai-140-cm-55-inch-4k-ultra-hd-led-webos-tv-with-alexa-compatibility-2022-model-/p/252327,https://media.croma.com/image/upload/v1663783602/Croma%20Assets/Entertainment/Television/Images/252327_0_zmsuvn.png
82,Hyundai 126 cm (50 inch) 4K Ultra HD LED WebOS TV with HDR 10+,HYUNDAI,79000.0,29499.0,0,0.0,N/A,/hyundai-126-cm-50-inch-4k-ultra-hd-led-webos-tv-with-hdr-10+/p/252326,https://media.croma.com/image/upload/v1664423568/Croma%20Assets/Entertainment/Television/Images/252326_0_fieg8g.png
83,Hyundai 109 cm (43 inch) 4K Ultra HD LED WebOS TV with Alexa Compatibility (2022 model),HYUNDAI,59000.0,23999.0,1,1.0,4.0,/hyundai-109-cm-43-inch-4k-ultra-hd-led-webos-tv-with-alexa-compatibility-2022-model-/p/252325,https://media.croma.com/image/upload/v1664423486/Croma%20Assets/Entertainment/Television/Images/252325_0_dmy7sz.png
84,SAMSUNG Crystal 4K 163 cm (65 inch) 4K Ultra HD LED Tizen TV (2021 model),Samsung,116900.0,69990.0,0,0.0,N/A,/samsung-crystal-4k-163-cm-65-inch-4k-ultra-hd-led-tizen-tv-2021-model-/p/252332,https://media.croma.com/image/upload/v1663784046/Croma%20Assets/Entertainment/Television/Images/252332_0_rdtfxn.png
85,SAMSUNG Crystal 4K 125 cm (50 inch) 4K Ultra HD LED Tizen TV (2021 model),Samsung,68400.0,43990.0,0,0.0,N/A,/samsung-crystal-4k-125-cm-50-inch-4k-ultra-hd-led-tizen-tv-2021-model-/p/252330,https://media.croma.com/image/upload/v1664197115/Croma%20Assets/Entertainment/Television/Images/252330_0_plh6r7.png
86,SAMSUNG Series 8 216 cm (85 inch) 4K Ultra HD LED Tizen TV with Alexa Compatibility,Samsung,519900.0,364990.0,0,0.0,N/A,/samsung-series-8-216-cm-85-inch-4k-ultra-hd-led-tizen-tv-with-alexa-compatibility/p/252010,https://media.croma.com/image/upload/v1663785801/Croma%20Assets/Entertainment/Television/Images/252010_0_cfwqzb.png
87,SAMSUNG Series 6 189 cm (75 inch) QLED 4K Ultra HD Tizen TV with Alexa Compatibility,Samsung,384900.0,339900.0,0,0.0,N/A,/samsung-series-6-189-cm-75-inch-qled-4k-ultra-hd-tizen-tv-with-alexa-compatibility/p/251988,https://media.croma.com/image/upload/v1663785031/Croma%20Assets/Entertainment/Television/Images/251988_0_cshvow.png
88,SAMSUNG LS Frame Series 189 cm (75 inch) QLED 4K Ultra HD Tizen TV with Alexa Compatibility,Samsung,424900.0,289990.0,0,0.0,N/A,/samsung-ls-frame-series-189-cm-75-inch-qled-4k-ultra-hd-tizen-tv-with-alexa-compatibility/p/251983,https://media.croma.com/image/upload/v1663784665/Croma%20Assets/Entertainment/Television/Images/251983_0_fjk6oj.png
89,SAMSUNG Series 9 189 cm (75 inch) QLED 4K Ultra HD Tizen TV with Alexa Compatibility,Samsung,589900.0,425990.0,2,2.0,5.0,/samsung-series-9-189-cm-75-inch-qled-4k-ultra-hd-tizen-tv-with-alexa-compatibility/p/251992,https://media.croma.com/image/upload/v1663780821/Croma%20Assets/Entertainment/Television/Images/251992_0_pttn6g.png
90,SAMSUNG Series 8 189 cm (75 inch) 4K Ultra HD LED Tizen TV with Alexa Compatibility,Samsung,239900.0,164990.0,3,3.0,5.0,/samsung-series-8-189-cm-75-inch-4k-ultra-hd-led-tizen-tv-with-alexa-compatibility/p/252009,https://media.croma.com/image/upload/v1663785525/Croma%20Assets/Entertainment/Television/Images/252009_0_l4jdzm.png
91,SAMSUNG Series 8 125 cm (50 inch) 4K Ultra HD LED Tizen TV with Alexa Compatibility,Samsung,78900.0,55990.0,33,31.0,4.55,/samsung-series-8-125-cm-50-inch-4k-ultra-hd-led-tizen-tv-with-alexa-compatibility/p/252005,https://media.croma.com/image/upload/v1664412847/Croma%20Assets/Entertainment/Television/Images/252005_0_tcm9xo.png
92,SAMSUNG Series 8 163 cm (65 inch) 4K Ultra HD LED Tizen TV with Alexa Compatibility,Samsung,137900.0,94990.0,7,6.0,4.71,/samsung-series-8-163-cm-65-inch-4k-ultra-hd-led-tizen-tv-with-alexa-compatibility/p/252007,https://media.croma.com/image/upload/v1663785472/Croma%20Assets/Entertainment/Television/Images/252007_0_wxkrfz.png
93,SAMSUNG Series 9 163 cm (65 inch) QLED 4K Ultra HD Tizen TV with Alexa Compatibility,Samsung,304900.0,199990.0,1,1.0,5.0,/samsung-series-9-163-cm-65-inch-qled-4k-ultra-hd-tizen-tv-with-alexa-compatibility/p/251991,https://media.croma.com/image/upload/v1663781000/Croma%20Assets/Entertainment/Television/Images/251991_0_wct8ld.png
94,SAMSUNG Series 9 163 cm (65 inch) QLED 4K Ultra HD Tizen TV with Alexa Compatibility,Samsung,349900.0,259990.0,2,2.0,2.0,/samsung-series-9-163-cm-65-inch-qled-4k-ultra-hd-tizen-tv-with-alexa-compatibility/p/252000,https://media.croma.com/image/upload/v1663785344/Croma%20Assets/Entertainment/Television/Images/252000_0_v5eyzm.png
95,SAMSUNG Series 8 163 cm (65 inch) QLED 4K Ultra HD Tizen TV with Alexa Compatibility,Samsung,279900.0,183990.0,2,2.0,5.0,/samsung-series-8-163-cm-65-inch-qled-4k-ultra-hd-tizen-tv-with-alexa-compatibility/p/251995,https://media.croma.com/image/upload/v1663780880/Croma%20Assets/Entertainment/Television/Images/251995_0_aadjut.png
96,SAMSUNG LS Frame Series 163 cm (65 inch) QLED 4K Ultra HD Tizen TV with Alexa Compatibility,Samsung,222900.0,130990.0,0,0.0,N/A,/samsung-ls-frame-series-163-cm-65-inch-qled-4k-ultra-hd-tizen-tv-with-alexa-compatibility/p/251982,https://media.croma.com/image/upload/v1663784616/Croma%20Assets/Entertainment/Television/Images/251982_0_mdpfxp.png
97,SAMSUNG Series 6 163 cm (65 inch) QLED 4K Ultra HD Tizen TV with Alexa Compatibility,Samsung,209900.0,139990.0,1,1.0,5.0,/samsung-series-6-163-cm-65-inch-qled-4k-ultra-hd-tizen-tv-with-alexa-compatibility/p/251987,https://media.croma.com/image/upload/v1663785033/Croma%20Assets/Entertainment/Television/Images/251987_0_nrk5bf.png
98,SAMSUNG Series 9 125 cm (50 inch) QLED 4K Ultra HD Tizen TV with Alexa Compatibility,Samsung,136900.0,99990.0,3,3.0,4.67,/samsung-series-9-125-cm-50-inch-qled-4k-ultra-hd-tizen-tv-with-alexa-compatibility/p/251989,https://media.croma.com/image/upload/v1664431779/Croma%20Assets/Entertainment/Television/Images/251989_0_mvvdjc.png
99,SAMSUNG Series 8 152.4 cm (60 inch) 4K Ultra HD LED Tizen TV with Alexa Compatibility,Samsung,103900.0,72990.0,15,14.0,4.53,/samsung-series-8-152-4-cm-60-inch-4k-ultra-hd-led-tizen-tv-with-alexa-compatibility/p/252008,https://media.croma.com/image/upload/v1663785487/Croma%20Assets/Entertainment/Television/Images/252008_0_wes0nx.png
100,SAMSUNG Series 8 138 cm (55 inch) 4K Ultra HD LED Tizen TV with Alexa Compatibility,Samsung,89400.0,63990.0,54,52.0,4.57,/samsung-series-8-138-cm-55-inch-4k-ultra-hd-led-tizen-tv-with-alexa-compatibility/p/252006,https://media.croma.com/image/upload/v1663785341/Croma%20Assets/Entertainment/Television/Images/252006_0_wzdpx1.png
101,SAMSUNG 8 139 cm (55 inch) 4K Ultra HD LED Tizen Smart TV with Alexa Compatibility,Samsung,94900.0,73490.0,2,2.0,4.0,/samsung-8-139-cm-55-inch-4k-ultra-hd-led-tizen-smart-tv-with-alexa-compatibility/p/252012,https://media.croma.com/image/upload/v1661253539/Croma%20Assets/Entertainment/Television/Images/252012_hzst41.png
102,SAMSUNG Series 9 138 cm (55 inch) QLED 4K Ultra HD Tizen TV with Alexa Compatibility (2022 model),Samsung,254900.0,169990.0,1,1.0,4.0,/samsung-series-9-138-cm-55-inch-qled-4k-ultra-hd-tizen-tv-with-alexa-compatibility-2022-model-/p/251999,https://media.croma.com/image/upload/v1663781127/Croma%20Assets/Entertainment/Television/Images/251999_0_hdvzwl.png
103,SAMSUNG Series 9 138 cm (55 inch) QLED 4K Ultra HD Tizen TV with Alexa Compatibility,Samsung,219900.0,144990.0,1,1.0,5.0,/samsung-series-9-138-cm-55-inch-qled-4k-ultra-hd-tizen-tv-with-alexa-compatibility/p/251990,https://media.croma.com/image/upload/v1663780946/Croma%20Assets/Entertainment/Television/Images/251990_0_x5vtte.png
104,SAMSUNG Series 8 138 cm (55 inch) QLED 4K Ultra HD Tizen TV with Alexa Compatibility,Samsung,199900.0,132990.0,16,16.0,4.94,/samsung-series-8-138-cm-55-inch-qled-4k-ultra-hd-tizen-tv-with-alexa-compatibility/p/251994,https://media.croma.com/image/upload/v1663780882/Croma%20Assets/Entertainment/Television/Images/251994_0_l5lxvc.png
105,SAMSUNG Series 6 138 cm (55 inch) QLED 4K Ultra HD Tizen TV with Alexa Compatibility,Samsung,121900.0,81990.0,10,10.0,4.0,/samsung-series-6-138-cm-55-inch-qled-4k-ultra-hd-tizen-tv-with-alexa-compatibility/p/251986,https://media.croma.com/image/upload/v1663784950/Croma%20Assets/Entertainment/Television/Images/251986_0_jhhf74.png
106,SAMSUNG LS Frame Series 138 cm (55 inch) QLED 4K Ultra HD Tizen TV with Alexa Compatibility,Samsung,144900.0,86990.0,17,17.0,4.59,/samsung-ls-frame-series-138-cm-55-inch-qled-4k-ultra-hd-tizen-tv-with-alexa-compatibility/p/251981,https://media.croma.com/image/upload/v1663784588/Croma%20Assets/Entertainment/Television/Images/251981_0_liskqm.png
107,SAMSUNG Series 6 125 cm (50 inch) QLED 4K Ultra HD Tizen TV with Alexa Compatibility,Samsung,99900.0,66690.0,8,8.0,5.0,/samsung-series-6-125-cm-50-inch-qled-4k-ultra-hd-tizen-tv-with-alexa-compatibility/p/251985,https://media.croma.com/image/upload/v1664431805/Croma%20Assets/Entertainment/Television/Images/251985_0_jcm8eq.png
108,SAMSUNG Series 8 108 cm (43 inch) 4K Ultra HD LED Tizen TV with Alexa Compatibility (2022 model),Samsung,62900.0,43990.0,87,85.0,4.61,/samsung-series-8-108-cm-43-inch-4k-ultra-hd-led-tizen-tv-with-alexa-compatibility-2022-model-/p/252004,https://media.croma.com/image/upload/v1664412802/Croma%20Assets/Entertainment/Television/Images/252004_0_qaxnnd.png
109,SAMSUNG Series 8 108cm (43 inch) 4K Ultra HD LED Tizen TV with Alexa Compatibility,Samsung,64900.0,47990.0,5,5.0,5.0,/samsung-series-8-108cm-43-inch-4k-ultra-hd-led-tizen-tv-with-alexa-compatibility/p/252011,https://media.croma.com/image/upload/v1664413126/Croma%20Assets/Entertainment/Television/Images/252011_0_h855c3.png
110,SAMSUNG Series 6 108 cm (43 inch) QLED 4K Ultra HD Tizen TV with Alexa Compatibility,Samsung,79900.0,57990.0,5,5.0,5.0,/samsung-series-6-108-cm-43-inch-qled-4k-ultra-hd-tizen-tv-with-alexa-compatibility/p/251984,https://media.croma.com/image/upload/v1664431688/Croma%20Assets/Entertainment/Television/Images/251984_0_tdt5a0.png
111,SAMSUNG LS Frame Series 108 cm (43 inch) QLED 4K Ultra HD Tizen TV with Alexa Compatibility,Samsung,91900.0,56990.0,3,3.0,5.0,/samsung-ls-frame-series-108-cm-43-inch-qled-4k-ultra-hd-tizen-tv-with-alexa-compatibility/p/251809,https://media.croma.com/image/upload/v1664417351/Croma%20Assets/Entertainment/Television/Images/251809_0_msm2zr.png
112,Panasonic LX 139 cm (55 inch) 4K Ultra HD LED Android TV with Alexa Compatibility,Panasonic,82990.0,61490.0,3,3.0,4.0,/panasonic-lx-139-cm-55-inch-4k-ultra-hd-led-android-tv-with-alexa-compatibility/p/251787,https://media.croma.com/image/upload/v1663780534/Croma%20Assets/Entertainment/Television/Images/251787_0_rwb7t6.png
113,Panasonic LX 108 cm (43 inch) 4K Ultra HD LED Android TV with Google Assistant,Panasonic,56990.0,44990.0,2,2.0,4.5,/panasonic-lx-108-cm-43-inch-4k-ultra-hd-led-android-tv-with-google-assistant/p/251786,https://media.croma.com/image/upload/v1664410121/Croma%20Assets/Entertainment/Television/Images/251786_0_xrso5s.png
114,Panasonic LX 108 cm (43 inch) 4K Ultra HD LED Android TV with Google Assistant,Panasonic,51990.0,38990.0,7,7.0,4.71,/panasonic-lx-108-cm-43-inch-4k-ultra-hd-led-android-tv-with-google-assistant/p/251785,https://media.croma.com/image/upload/v1664410103/Croma%20Assets/Entertainment/Television/Images/251785_0_rpqhsc.png
115,Croma 165 cm (65 inch) 4K Ultra HD LED Android TV with Google Assistant (2022 model),Croma,150000.0,58990.0,53,51.0,4.53,/croma-165-cm-65-inch-4k-ultra-hd-led-android-tv-with-google-assistant-2022-model-/p/251015,https://media.croma.com/image/upload/v1663782785/Croma%20Assets/Entertainment/Television/Images/251015_0_dqwumb.png
116,Croma 127 cm (50 inch) 4K Ultra HD LED Android TV with Google Assistant (2022 model),Croma,60000.0,33990.0,69,68.0,4.65,/croma-127-cm-50-inch-4k-ultra-hd-led-android-tv-with-google-assistant-2022-model-/p/251013,https://media.croma.com/image/upload/v1664422725/Croma%20Assets/Entertainment/Television/Images/251013_0_v2wbfk.png
117,Croma 139 cm (55 inch) 4K Ultra HD LED Android TV with Google Assistant (2022 model),Croma,75000.0,39990.0,105,97.0,4.5,/croma-139-cm-55-inch-4k-ultra-hd-led-android-tv-with-google-assistant-2022-model-/p/251014,https://media.croma.com/image/upload/v1663782759/Croma%20Assets/Entertainment/Television/Images/251014_0_ldyfql.png
118,Croma 109 cm (43 inch) 4K Ultra HD LED Android TV with Google Assistant (2022 model),Croma,50000.0,27990.0,97,95.0,4.46,/croma-109-cm-43-inch-4k-ultra-hd-led-android-tv-with-google-assistant-2022-model-/p/251012,https://media.croma.com/image/upload/v1664422933/Croma%20Assets/Entertainment/Television/Images/251012_0_flphtk.png
119,Haier K Series 126 cm (50 inch) 4K Ultra HD LED Android TV with Google Assistant,Haier,64990.0,39990.0,0,0.0,N/A,/haier-k-series-126-cm-50-inch-4k-ultra-hd-led-android-tv-with-google-assistant/p/251225,https://media.croma.com/image/upload/v1664421633/Croma%20Assets/Entertainment/Television/Images/251225_0_bm7ege.png
120,Haier K Series 147 cm (58 inch) 4K Ultra HD LED Android TV with Google Assistant,Haier,91990.0,52190.0,0,0.0,N/A,/haier-k-series-147-cm-58-inch-4k-ultra-hd-led-android-tv-with-google-assistant/p/251227,https://media.croma.com/image/upload/v1663781989/Croma%20Assets/Entertainment/Television/Images/251227_0_u1jnre.png
121,SAMSUNG Crystal 4K Pro 146 cm (58 inch) 4K Ultra HD LED Tizen TV with Alexa Compatibility (2021 model),Samsung,80900.0,48490.0,0,0.0,N/A,/samsung-crystal-4k-pro-146-cm-58-inch-4k-ultra-hd-led-tizen-tv-with-alexa-compatibility-2021-model-/p/250635,https://media.croma.com/image/upload/v1664197185/Croma%20Assets/Entertainment/Television/Images/250635_0_a6oxfw.png
122,SAMSUNG Crystal 4K Pro 163 cm (65 inch) 4K Ultra HD LED Tizen TV with Alexa Compatibility (2021 model),Samsung,125900.0,81990.0,0,0.0,N/A,/samsung-crystal-4k-pro-163-cm-65-inch-4k-ultra-hd-led-tizen-tv-with-alexa-compatibility-2021-model-/p/250636,https://media.croma.com/image/upload/v1663786105/Croma%20Assets/Entertainment/Television/Images/250636_0_o91blm.png
123,SAMSUNG Crystal 4K Pro 125 cm (50 inch) 4K Ultra HD LED Tizen TV with Alexa Compatibility (2021 model),Samsung,71400.0,45990.0,1,1.0,3.0,/samsung-crystal-4k-pro-125-cm-50-inch-4k-ultra-hd-led-tizen-tv-with-alexa-compatibility-2021-model-/p/250633,https://media.croma.com/image/upload/v1664197309/Croma%20Assets/Entertainment/Television/Images/250633_0_ia1mbh.png
124,SAMSUNG Crystal 4K Pro 138 cm (55 inch) 4K Ultra HD LED Tizen TV with Alexa Compatibility (2021 model),Samsung,76900.0,45990.0,0,0.0,N/A,/samsung-crystal-4k-pro-138-cm-55-inch-4k-ultra-hd-led-tizen-tv-with-alexa-compatibility-2021-model-/p/250634,https://media.croma.com/image/upload/v1664197311/Croma%20Assets/Entertainment/Television/Images/250634_0_tqyp0h.png
125,SAMSUNG Crystal 4K Pro 108 cm (43 inch) 4K Ultra HD LED Tizen TV with Alexa Compatibility (2021 model),Samsung,54900.0,32990.0,3,2.0,4.67,/samsung-crystal-4k-pro-108-cm-43-inch-4k-ultra-hd-led-tizen-tv-with-alexa-compatibility-2021-model-/p/250632,https://media.croma.com/image/upload/v1664432605/Croma%20Assets/Entertainment/Television/Images/250632_0_wkduqj.png
126,Akai 109 cm (43 inch) 4K Ultra HD LED Fire TV with Alexa Compatibility (2021 model),Akai,51990.0,22999.0,0,0.0,N/A,/akai-109-cm-43-inch-4k-ultra-hd-led-fire-tv-with-alexa-compatibility-2021-model-/p/246448,https://media.croma.com/image/upload/v1664416879/Croma%20Assets/Entertainment/Television/Images/246448_0_tkxiab.png
127,Akai 139 cm (55 inch) 4K Ultra HD LED Fire TV with Alexa Compatibility (2021 model),Akai,70990.0,32999.0,0,0.0,N/A,/akai-139-cm-55-inch-4k-ultra-hd-led-fire-tv-with-alexa-compatibility-2021-model-/p/246760,https://media.croma.com/image/upload/v1663780415/Croma%20Assets/Entertainment/Television/Images/246760_0_ntxh2k.png
128,iFFALCON U71 Series 139.7 cm (55 inch) 4K Ultra HD LED Fire TV with Hands-Free Voice Control,iFFALCON,70990.0,34990.0,0,0.0,N/A,/iffalcon-u71-series-139-7-cm-55-inch-4k-ultra-hd-led-fire-tv-with-hands-free-voice-control/p/246517,https://media.croma.com/image/upload/v1663780347/Croma%20Assets/Entertainment/Television/Images/246517_0_xsfv0h.png
129,Kodak CA Series 164 cm (65 inch) 4K Ultra HD LED Android TV with Google Assistant (2020 model),Kodak,70499.0,47999.0,0,0.0,N/A,/kodak-ca-series-164-cm-65-inch-4k-ultra-hd-led-android-tv-with-google-assistant-2020-model-/p/246061,https://media.croma.com/image/upload/v1663781563/Croma%20Assets/Entertainment/Television/Images/246061_0_rxicqv.png
130,SAMSUNG Series 9 247 cm (98 inch) QLED 4K Ultra HD Tizen TV with Alexa Compatibility,Samsung,2299000.0,1674000.0,0,0.0,N/A,/samsung-series-9-247-cm-98-inch-qled-4k-ultra-hd-tizen-tv-with-alexa-compatibility/p/245102,https://media.croma.com/image/upload/v1663781787/Croma%20Assets/Entertainment/Television/Images/245102_0_jeuepj.png
131,OnePlus U Series 164 cm (65 inch) 4K Ultra HD LED Android TV with Built-in Google Assistant (2021 model),OnePlus,69999.0,61999.0,2,2.0,5.0,/oneplus-u-series-164-cm-65-inch-4k-ultra-hd-led-android-tv-with-built-in-google-assistant-2021-model-/p/244463,https://media.croma.com/image/upload/v1663780466/Croma%20Assets/Entertainment/Television/Images/244463_0_lvm0vw.png
132,OnePlus U Series 139 cm (55 inch) 4K Ultra HD LED Android TV with Built-in Google Assistant (2021 model),OnePlus,59999.0,42999.0,12,8.0,3.67,/oneplus-u-series-139-cm-55-inch-4k-ultra-hd-led-android-tv-with-built-in-google-assistant-2021-model-/p/244462,https://media.croma.com/image/upload/v1663780470/Croma%20Assets/Entertainment/Television/Images/244462_0_ywuyyo.png
133,OnePlus U Series 126 cm (50 inch) 4K Ultra HD LED Android TV with Built-in Google Assistant (2021 model),OnePlus,49999.0,37999.0,10,8.0,4.9,/oneplus-u-series-126-cm-50-inch-4k-ultra-hd-led-android-tv-with-built-in-google-assistant-2021-model-/p/244461,https://media.croma.com/image/upload/v1664413803/Croma%20Assets/Entertainment/Television/Images/244461_0_z9g5af.png
134,Mi 5X 125.7 cm (50 inch) 4K Ultra HD LED Android TV with Alexa Compatibility (2021 model),Xiaomi,59999.0,40999.0,17,11.0,3.65,/mi-5x-125-7-cm-50-inch-4k-ultra-hd-led-android-tv-with-alexa-compatibility-2021-model-/p/242861,https://media.croma.com/image/upload/v1664410709/Croma%20Assets/Entertainment/Television/Images/242861_0_pffpbc.png
135,Mi 5X 138.8 cm (55 inch) 4K Ultra HD LED Android TV with Alexa Compatibility (2021 model),Xiaomi,69999.0,46999.0,17,12.0,4.53,/mi-5x-138-8-cm-55-inch-4k-ultra-hd-led-android-tv-with-alexa-compatibility-2021-model-/p/242862,https://media.croma.com/image/upload/v1664410642/Croma%20Assets/Entertainment/Television/Images/242862_0_gjjeer.png
136,LG UM77 109.22 cm (43 inch) 4K Ultra HD LED WebOS TV with Alexa Compatibility (2021 model),LG,64990.0,42090.0,75,60.0,4.6,/lg-um77-109-22-cm-43-inch-4k-ultra-hd-led-webos-tv-with-alexa-compatibility-2021-model-/p/241718,https://media.croma.com/image/upload/v1664410294/Croma%20Assets/Entertainment/Television/Images/241718_0_lnqotk.png
137,LG Nano75 190.5 cm (75 inch) 4K Ultra HD Nano Cell WebOS TV with Alexa Compatibility,LG,329990.0,189990.0,0,0.0,N/A,/lg-nano75-190-5-cm-75-inch-4k-ultra-hd-nano-cell-webos-tv-with-alexa-compatibility/p/241713,https://media.croma.com/image/upload/v1663780768/Croma%20Assets/Entertainment/Television/Images/241713_0_ziew9x.png
138,LG Nano83 164 cm (65 inch) 4K Ultra HD Nano Cell WebOS TV with Alexa Compatibility (2021 model),LG,249990.0,110990.0,0,0.0,N/A,/lg-nano83-164-cm-65-inch-4k-ultra-hd-nano-cell-webos-tv-with-alexa-compatibility-2021-model-/p/241225,https://media.croma.com/image/upload/v1663783005/Croma%20Assets/Entertainment/Television/Images/241225_0_jj9xns.png
139,Hisense U6G 139 cm (55 inch) QLED 4K Ultra HD Android TV with Google Assistant (2021 model),Hisense,79990.0,44990.0,11,11.0,4.09,/hisense-u6g-139-cm-55-inch-qled-4k-ultra-hd-android-tv-with-google-assistant-2021-model-/p/240640,https://media.croma.com/image/upload/v1663779945/Croma%20Assets/Entertainment/Television/Images/240640_0_gjeaxb.png
140,SONY Bravia A80J 139 cm (55 inch) OLED 4K Ultra HD Android TV with Alexa Compatibility,Sony,249900.0,124990.0,31,22.0,4.52,/sony-bravia-a80j-139-cm-55-inch-oled-4k-ultra-hd-android-tv-with-alexa-compatibility/p/237752,https://media.croma.com/image/upload/v1663782477/Croma%20Assets/Entertainment/Television/Images/237752_0_ekzhpl.png
141,Detel 124 cm (49 inch) 4K Ultra HD LED Android TV with Google Assistant (2019 model),Detel,69999.0,27999.0,0,0.0,N/A,/detel-124-cm-49-inch-4k-ultra-hd-led-android-tv-with-google-assistant-2019-model-/p/236173,https://media.croma.com/image/upload/v1664410945/Croma%20Assets/Entertainment/Television/Images/236173_0_q4ql3q.png
142,Detel 140 cm (55 inch) 4K Ultra HD LED Android TV with Google Assistant (2018 model),Detel,89999.0,29990.0,0,0.0,N/A,/detel-140-cm-55-inch-4k-ultra-hd-led-android-tv-with-google-assistant-2018-model-/p/236175,https://media.croma.com/image/upload/v1663781735/Croma%20Assets/Entertainment/Television/Images/236175_0_eunuty.png
143,Detel 165.1 cm (65 inch) 4K Ultra HD LED Android TV,Detel,119999.0,49990.0,0,0.0,N/A,/detel-165-1-cm-65-inch-4k-ultra-hd-led-android-tv/p/236174,https://media.croma.com/image/upload/v1663781777/Croma%20Assets/Entertainment/Television/Images/236174_0_czf5kg.png
144,SAMSUNG Series 7 178 cm (70 inch) 4K Ultra HD LED Tizen TV with Alexa Compatibility,Samsung,154900.0,105990.0,8,7.0,4.88,/samsung-series-7-178-cm-70-inch-4k-ultra-hd-led-tizen-tv-with-alexa-compatibility/p/234619,https://media.croma.com/image/upload/v1663785268/Croma%20Assets/Entertainment/Television/Images/234619_0_bzgywj.png
145,SAMSUNG Series 7 163 cm (65 inch) QLED 4K Ultra HD Tizen TV with Alexa Compatibility,Samsung,234900.0,181490.0,1,1.0,5.0,/samsung-series-7-163-cm-65-inch-qled-4k-ultra-hd-tizen-tv-with-alexa-compatibility/p/234611,https://media.croma.com/image/upload/v1663785431/Croma%20Assets/Entertainment/Television/Images/234611_0_lmq1wn.png
146,SAMSUNG Series 7 163 cm (65 inch) 4K Ultra HD LED Tizen TV with Alexa Compatibility (2021 model),Samsung,124900.0,81990.0,8,7.0,5.0,/samsung-series-7-163-cm-65-inch-4k-ultra-hd-led-tizen-tv-with-alexa-compatibility-2021-model-/p/234603,https://media.croma.com/image/upload/v1663786089/Croma%20Assets/Entertainment/Television/Images/234603_0_omlabd.png
147,SAMSUNG Series 7 138 cm (55 inch) 4K Ultra HD LED Tizen TV with Alexa Compatibility (2021 model),Samsung,79400.0,60490.0,85,74.0,4.41,/samsung-series-7-138-cm-55-inch-4k-ultra-hd-led-tizen-tv-with-alexa-compatibility-2021-model-/p/234601,https://media.croma.com/image/upload/v1663786046/Croma%20Assets/Entertainment/Television/Images/234601_0_bpwpqe.png
148,SAMSUNG Series 7 108 cm (43 inch) 4K Ultra HD LED Tizen TV with Alexa Compatibility (2021 model),Samsung,54900.0,39990.0,108,86.0,4.29,/samsung-series-7-108-cm-43-inch-4k-ultra-hd-led-tizen-tv-with-alexa-compatibility-2021-model-/p/234367,https://media.croma.com/image/upload/v1664430926/Croma%20Assets/Entertainment/Television/Images/234367_0_vpdgkr.png
149,Panasonic Viera 108 cm (43 inch) 4K Ultra HD LED Android TV with Alexa Compatibility (2020 model),Panasonic,56990.0,32990.0,10,3.0,4.4,/panasonic-viera-108-cm-43-inch-4k-ultra-hd-led-android-tv-with-alexa-compatibility-2020-model-/p/233299,https://media.croma.com/image/upload/v1664431745/Croma%20Assets/Entertainment/Television/Images/233299_0_dmoeea.png
150,Hisense A73F 164 cm (65 inch) 4K Ultra HD LED Android TV with Google Assistant (2021 model),Hisense,82990.0,54990.0,2,1.0,5.0,/hisense-a73f-164-cm-65-inch-4k-ultra-hd-led-android-tv-with-google-assistant-2021-model-/p/233060,https://media.croma.com/image/upload/v1663784314/Croma%20Assets/Entertainment/Television/Images/233060_0_cesiit.png
151,Hisense A71F 139 cm (55 inch) 4K Ultra HD LED Android TV with Google Assistant (2020 model),Hisense,49990.0,33990.0,10,8.0,4.5,/hisense-a71f-139-cm-55-inch-4k-ultra-hd-led-android-tv-with-google-assistant-2020-model-/p/233047,https://media.croma.com/image/upload/v1641202907/Croma%20Assets/Entertainment/Television/Images/233047_gogsqr.png
152,Hisense A71F 108 cm (43 inch) 4K Ultra HD LED Android TV with Google Assistant (2020 model),Hisense,36990.0,23990.0,46,35.0,4.65,/hisense-a71f-108-cm-43-inch-4k-ultra-hd-led-android-tv-with-google-assistant-2020-model-/p/233045,https://media.croma.com/image/upload/v1664430476/Croma%20Assets/Entertainment/Television/Images/233045_0_eljjqp.png
153,Haier K6600 Series 108 cm (43 inch) 4K Ultra HD LED Android TV with Google Assistant (2020 model),Haier,51490.0,33990.0,16,10.0,4.31,/haier-k6600-series-108-cm-43-inch-4k-ultra-hd-led-android-tv-with-google-assistant-2020-model-/p/232856,https://media.croma.com/image/upload/v1664411593/Croma%20Assets/Entertainment/Television/Images/232856_0_gui06d.png
